image_filename,metadata
clean_2019-01-21_20-48-31_UTC.jpg,Nike Air VaporMax Flyknit Grey Purple Running Shoes For Men
clean_2019-02-15_19-29-44_UTC.jpg,Nike Air Max 270 React Black White Sneakers For Men
clean_2019-03-14_15-41-51_UTC_2.jpg,Nike Air Max 97 Silver Bullet Running Shoes For Men
clean_2019-04-15_17-32-32_UTC.jpg,Nike Air Force 1 Low Triple White Shoes For Men
clean_2019-09-19_10-01-13_UTC.jpg,Nike React Element 87 Sail Light Bone Shoes
clean_2020-01-15_18-20-30_UTC.jpg,Nike Air Max 90 Essential White Grey Shoes For Men
clean_2020-05-18_17-13-29_UTC.jpg,Nike Zoom Fly 4 Black Volt Running Shoes For Men
clean_2020-08-31_17-07-44_UTC.jpg,Nike Air Max Plus Tn Black Red Sneakers For Men
clean_2020-11-25_18-04-20_UTC.jpg,Nike Dunk Low Retro White Black Panda Shoes
clean_2021-04-01_16-55-25_UTC.jpg,Nike Air Jordan 1 Mid University Blue Shoes For Men
clean_2021-05-16_17-12-31_UTC.jpg,Converse Chuck Taylor All Star High Top Yellow Canvas Shoes
clean_2021-06-01_17-04-34_UTC.jpg,Nike SB Dunk Low Pro Olive Green Skate Shoes For Men
clean_2021-09-01_16-59-11_UTC.jpg,Nike Air Max 95 Essential Black Grey Shoes For Men
clean_2021-10-08_17-19-47_UTC.jpg,Nike Air Huarache White Black Running Shoes For Men
clean_2021-11-05_17-48-58_UTC.jpg,Nike Blazer Mid 77 Vintage White Red Sneakers
clean_2021-12-06_18-10-52_UTC.jpg,Nike Air Jordan 4 Retro White Cement Shoes For Men
clean_2022-01-18_18-10-58_UTC.jpg,Nike React Infinity Run Flyknit 3 Black Teal Shoes
clean_2022-03-29_16-35-25_UTC.jpg,Nike Pegasus Trail 3 Gore-Tex Olive Running Shoes
clean_2022-05-01_16-24-37_UTC.jpg,Nike ZoomX Invincible Run 2 Blue Orange Shoes For Men
clean_important_13.jpg,ASICS Jolt 3 Full Black Running Shoes For Men
clean_important_67.jpg,Nike ACG Mountain Fly Low Brown Tan Trail Shoes
clean_important_283.jpg,Nike Air More Uptempo White Black Varsity Red Shoes
clean_important_1184.jpg,Nike Air Max 1 Premium Grey Navy Lifestyle Shoes
clean_important_2473.jpg,New Balance 2002R Dark Grey Suede Running Shoes For Men
clean_important_2885.jpg,Nike Air Jordan 11 Retro Concord White Black Shoes
clean_important_3244.jpg,Nike Zoom Vomero 16 Light Blue Running Shoes For Men
clean_important_4758.jpg,Adidas Ultraboost 22 Core Black Running Shoes For Men
clean_important_4993.jpg,Nike Air Jordan 6 Retro Infrared Black Shoes For Men
clean_important_5221.jpg,Nike Dunk High Championship White Red Shoes For Men
flipped_2019-02-21_01-17-21_UTC.jpg,Nike Shox TL Nova White Maroon Basketball Shoes For Men
flipped_2019-06-24_17-06-25_UTC.jpg,Nike Air Max 720 Black Neon Green Running Shoes
flipped_2020-07-20_17-26-21_UTC.jpg,Nike Air Presto Black Phantom Running Shoes For Men
flipped_2021-04-28_16-58-39_UTC.jpg,Nike Air Max 1 x Patta Olive Brown Shoes For Men
flipped_2021-07-27_16-56-27_UTC.jpg,Nike Air Force 1 React White Blue Sneakers For Men
image_101.jpg,Air Jordan 3 Retro White Dark Mocha Shoes For Men
image_102.jpg,Nike Air Max 90 Infrared OG Running Shoes For Men
image_122.jpg,Nike Dunk Low Michigan Varsity Maize Navy Shoes
image_182.jpg,Nike Air Max Plus White University Red Shoes For Men
image_218.jpg,Air Jordan 5 Retro Fire Red Silver Tongue Shoes
image_334.jpg,Adidas Yeezy Boost 350 V2 Beluga Grey Orange Shoes
image_420.jpg,Nike Air Jordan 1 Low SE Grey Fog White Shoes
image_510.jpg,Nike Air VaporMax 2021 FK Triple Black Running Shoes
image_541.jpg,Nike Dunk High Spartan Green White Shoes For Men
image_612.jpg,Nike Air Max 97 Metallic Gold Varsity Red Shoes
image_719.jpg,New Balance 574 Grey Navy Classic Lifestyle Shoes
image_818.jpg,New Balance ML2002RA Steel Blue Brown Lifestyle Shoes
image_879.jpg,Adidas NMD R1 Core Black Red Running Shoes For Men
image_920.jpg,Nike Air Jordan 12 Retro Playoff Black White Shoes
image_1045.jpg,Nike Air Max 270 Black Anthracite Running Shoes For Men
image_1089.jpg,Nike Air Jordan 1 High OG Black White Panda Shoes
image_1264.jpg,New Balance 550 White Green Casual Shoes For Men
image_1485.jpg,Nike Kyrie 7 Midnight Navy Basketball Shoes For Men
image_1739.jpg,Air Jordan 1 Retro High J Balvin Rainbow Shoes
image_1987.jpg,Nike Air Max 97 Triple White Running Shoes For Men
image_2075.jpg,Nike Free Run 5.0 Black Running Shoes For Men
image_2336.jpg,Adidas Forum Low White Royal Blue Casual Shoes
image_2542.jpg,Nike React Vision Black Gravity Purple Shoes For Men
image_2715.jpg,Nike Air Max Dawn White Bright Mandarin Shoes
image_2892.jpg,Nike Dunk Low Fossil Rose Pink Shoes For Women
padded_image_1023.jpg,Air Jordan 10 Retro Cement Grey Black Shoes For Men
padded_image_1168.jpg,Nike Air Jordan 13 Retro White Red Shoes For Men
padded_image_1724.jpg,Nike LeBron 20 Black University Gold Basketball Shoes
padded_image_2360.jpg,Nike Air Max 95 Neon Volt Grey Running Shoes
padded_image_3361.jpg,Nike Air Force 1 Shadow White Coral Pink Shoes
padded_image_3981.jpg,Air Jordan 14 Low Vivid Purple Black Shoes For Women
padded_image_4534.jpg,Adidas Samba OG White Green Classic Shoes For Men
padded_image_4679.jpg,Nike Air Max 1 Obsidian Cobalt Blue Sneakers
padded_image_5462.jpg,Nike Zoom Freak 4 White Teal Basketball Shoes
padded_image_5974.jpg,Nike Air Zoom Alphafly NEXT% Dark Grey Green Shoes
padded_image_6870.jpg,Nike Air Jordan 1 Mid Bred Black Red Shoes For Men
resized_2019-01-23_17-03-52_UTC.jpg,ARKK Copenhagen Kanetyk Wave 13 Grey Blue Turquoise Shoes
resized_2019-06-06_16-18-41_UTC.jpg,Nike Air Max 98 South Beach Teal Pink Shoes
resized_2020-04-08_19-04-07_UTC.jpg,Nike React Element 55 Cerulean Blue Orange Shoes
resized_2021-04-07_13-03-50_UTC.jpg,Adidas ZX 2K Boost White Solar Red Running Shoes
resized_2021-10-12_17-56-21_UTC.jpg,Nike Air Max 90 Bacon Sail Brown Running Shoes
resized_2022-01-03_19-53-11_UTC.jpg,Nike Air Jordan 1 High Dark Marina Blue Shoes
resized_2022-03-07_17-06-50_UTC.jpg,Nike Dunk Low Coast University Gold Shoes For Men
resized_all_vans_15.jpg,Vans Sk8-Hi MTE-2 Full Black Suede Canvas Shoes
resized_all_vans_161.jpg,Vans Old Skool Classic Black White Canvas Sneakers
resized_all_vans_669.jpg,Vans Sk8-Hi Reissue Multi Print Canvas High Top Shoes
resized_all_vans_718.jpg,Vans Era Tie Dye Multi Color Canvas Skate Shoes
resized_padded_new_image_41.jpg,Air Jordan 1 KO High OG Grey Black Ice Blue Shoes
resized_padded_new_image_265.jpg,Nike Flyknit Racer Oreo Black White Running Shoes
resized_padded_new_image_1474.jpg,Nike Air Monarch IV White Grey Cross Training Shoes
resized_padded_new_image_2295.jpg,Nike React Miler 2 Shield Black Volt Running Shoes
resized_padded_new_image_3709.jpg,Nike Spark Flyknit Taupe Silver Blue Running Shoes
resized_padded_new_newbalance_28.jpg,New Balance 500 Green Yellow Classic Lifestyle Shoes
resized_padded_new_newbalance_33.jpg,New Balance 2002R Rust Orange Suede Running Shoes
resized_padded_new_newbalance_187.jpg,New Balance 990v5 Grey Made In USA Running Shoes
resized_padded_puma_6.jpg,Puma Rebound Joy High Top Olive Black White Shoes
resized_padded_puma_81.jpg,Puma Graviton Red White Classic Lifestyle Shoes For Men
resized_padded_puma_349.jpg,Puma RS-X3 Puzzle White Blue Red Running Shoes
resized_padded_puma_545.jpg,Puma Future Rider Play On Blue Yellow Sneakers
resized_padded_reebok_105.jpg,Reebok Runner 4.0 Black Yellow Running Shoes For Men
resized_padded_reebok_216.jpg,Reebok Classic Leather White Gum Casual Shoes For Men
resized_padded_reebok_283.jpg,Reebok Zig Kinetica II Black Orange Running Shoes
resized_padded_underarmour_46.jpg,Under Armour HOVR Phantom 2 Orange Running Shoes For Men
resized_padded_underarmour_174.jpg,Under Armour Surge 3 Full Black Running Shoes For Men
resized_padded_vans_59.jpg,Vans UltraRange EXO Hi MTE-1 Black Suede Boots
politics_image_1.jpg,Air Jordan 1 Retro High OG White Red Phantom Shoes
